epoch,time,train/box_loss,train/cls_loss,train/dfl_loss,metrics/precision(B),metrics/recall(B),metrics/mAP50(B),metrics/mAP50-95(B),val/box_loss,val/cls_loss,val/dfl_loss,lr/pg0,lr/pg1,lr/pg2
1,5.86625,2.79151,6.61714,0.05213,0.00012,0.09184,9e-05,2e-05,3.83905,12.6449,0.11163,0.000324561,0.000324561,0.000324561
2,10.9772,2.26074,5.6217,0.03944,0.00125,0.21943,0.00361,0.00045,3.27509,9.78233,0.08709,0.000655289,0.000655289,0.000655289
3,15.9799,1.94696,4.7696,0.03232,0.84207,0.02972,0.0245,0.00712,2.82903,8.11943,0.06784,0.000983378,0.000983378,0.000983378
4,20.8325,1.76645,4.00289,0.02829,0.59785,0.10631,0.05028,0.01627,2.58405,6.43028,0.06452,0.00098812,0.00098812,0.00098812
5,25.7648,1.67322,3.40994,0.02605,0.47301,0.24159,0.11722,0.03962,1.95086,4.51459,0.0436,0.00098416,0.00098416,0.00098416
6,31.0661,1.63259,3.07058,0.02483,0.3299,0.19682,0.13292,0.04852,1.80525,3.93983,0.03975,0.0009802,0.0009802,0.0009802
7,36.4665,1.61643,2.83396,0.02467,0.28531,0.27498,0.1659,0.06434,1.94484,3.64762,0.04302,0.00097624,0.00097624,0.00097624
8,41.8177,1.58447,2.65396,0.02454,0.41757,0.30665,0.21222,0.08999,1.7348,3.21112,0.03889,0.00097228,0.00097228,0.00097228
9,47.1063,1.56979,2.5107,0.0237,0.53172,0.318,0.26455,0.11191,1.76845,2.87863,0.03738,0.00096832,0.00096832,0.00096832
10,52.3432,1.59312,2.43242,0.02461,0.40377,0.32825,0.21392,0.08026,2.07394,3.04616,0.04579,0.00096436,0.00096436,0.00096436
11,57.4369,1.56853,2.35157,0.02404,0.50271,0.36559,0.34524,0.15737,1.70921,2.53819,0.03796,0.0009604,0.0009604,0.0009604
12,62.862,1.56404,2.27419,0.02391,0.51533,0.36684,0.37608,0.16908,1.76952,2.38954,0.03726,0.00095644,0.00095644,0.00095644
13,68.2791,1.54723,2.1601,0.02348,0.54408,0.39697,0.38151,0.16618,1.74197,2.39135,0.0358,0.00095248,0.00095248,0.00095248
14,73.1937,1.54588,2.14261,0.02337,0.55702,0.39007,0.40969,0.19004,1.68761,2.22885,0.03628,0.00094852,0.00094852,0.00094852
15,78.2535,1.51072,2.09241,0.02272,0.52244,0.44941,0.42846,0.19927,1.69591,2.15143,0.03529,0.00094456,0.00094456,0.00094456
16,83.4118,1.5349,2.06279,0.02374,0.37033,0.45416,0.40984,0.19054,1.70336,2.18235,0.03529,0.0009406,0.0009406,0.0009406
17,88.6077,1.55949,2.06177,0.02431,0.5521,0.40636,0.39156,0.17385,1.77753,2.20647,0.03791,0.00093664,0.00093664,0.00093664
18,93.9188,1.55171,1.998,0.02379,0.54892,0.41589,0.40567,0.19037,1.7811,2.12043,0.03823,0.00093268,0.00093268,0.00093268
19,99.011,1.54644,1.99621,0.0232,0.46002,0.48278,0.43938,0.2128,1.7206,2.00973,0.03671,0.00092872,0.00092872,0.00092872
20,103.968,1.50854,1.99615,0.02309,0.57119,0.45321,0.44836,0.21525,1.72059,2.09476,0.03662,0.00092476,0.00092476,0.00092476
21,109.226,1.52343,1.93068,0.02305,0.60521,0.41836,0.45631,0.21713,1.75699,2.03741,0.03649,0.0009208,0.0009208,0.0009208
22,114.236,1.48144,1.88468,0.02258,0.58468,0.4847,0.50288,0.24913,1.67662,1.96032,0.0344,0.00091684,0.00091684,0.00091684
23,119.245,1.53116,1.8769,0.02297,0.62298,0.48951,0.52017,0.24512,1.66836,1.95717,0.03489,0.00091288,0.00091288,0.00091288
24,124.289,1.53362,1.84872,0.02313,0.52895,0.44843,0.47161,0.21885,1.75973,2.00285,0.03635,0.00090892,0.00090892,0.00090892
25,129.186,1.50941,1.83343,0.02231,0.52327,0.50425,0.50447,0.23785,1.74043,1.97748,0.0354,0.00090496,0.00090496,0.00090496
26,134.202,1.51235,1.87471,0.02259,0.65137,0.4274,0.49081,0.23693,1.72512,1.93737,0.03515,0.000901,0.000901,0.000901
27,139.302,1.49518,1.85379,0.02224,0.64473,0.46156,0.51832,0.25582,1.61499,1.8656,0.0327,0.00089704,0.00089704,0.00089704
28,144.292,1.47348,1.74775,0.022,0.63383,0.43881,0.48611,0.22805,1.74116,1.91466,0.03461,0.00089308,0.00089308,0.00089308
29,149.314,1.48653,1.80833,0.02221,0.66932,0.48576,0.51628,0.25023,1.75219,1.8912,0.03606,0.00088912,0.00088912,0.00088912
30,154.475,1.5041,1.78046,0.02213,0.49256,0.49022,0.56117,0.29214,1.57517,1.77928,0.03215,0.00088516,0.00088516,0.00088516
31,159.345,1.50512,1.76878,0.02257,0.55615,0.49216,0.56084,0.28054,1.59594,1.7782,0.03316,0.0008812,0.0008812,0.0008812
32,164.288,1.49455,1.75655,0.02216,0.60688,0.53605,0.58235,0.29514,1.64382,1.67432,0.03371,0.00087724,0.00087724,0.00087724
33,169.49,1.48669,1.71777,0.022,0.62352,0.51673,0.58471,0.2829,1.64264,1.74579,0.03357,0.00087328,0.00087328,0.00087328
34,174.61,1.46919,1.7388,0.02157,0.68243,0.44971,0.53641,0.25393,1.73017,1.82837,0.03614,0.00086932,0.00086932,0.00086932
35,179.867,1.47224,1.7309,0.02167,0.48298,0.56697,0.52765,0.24274,1.7615,1.81841,0.03608,0.00086536,0.00086536,0.00086536
36,185.046,1.46052,1.73139,0.02207,0.71984,0.50751,0.58338,0.29532,1.61089,1.71227,0.03358,0.0008614,0.0008614,0.0008614
37,190.256,1.49355,1.71748,0.02207,0.62245,0.4749,0.5065,0.24719,1.77889,1.82809,0.03646,0.00085744,0.00085744,0.00085744
38,195.144,1.46829,1.69218,0.02215,0.53203,0.54901,0.57905,0.28607,1.68732,1.70731,0.03473,0.00085348,0.00085348,0.00085348
39,200.081,1.46029,1.67333,0.02176,0.54959,0.5784,0.59345,0.30329,1.67681,1.62066,0.03486,0.00084952,0.00084952,0.00084952
40,204.916,1.50113,1.67946,0.02221,0.52238,0.61394,0.59561,0.29693,1.70491,1.62427,0.03515,0.00084556,0.00084556,0.00084556
41,210.001,1.45896,1.63611,0.02179,0.60506,0.56164,0.58619,0.30667,1.59916,1.65787,0.03196,0.0008416,0.0008416,0.0008416
42,215.25,1.45123,1.62056,0.02137,0.57234,0.60864,0.61452,0.30535,1.67065,1.6048,0.03425,0.00083764,0.00083764,0.00083764
43,220.316,1.44469,1.6297,0.02157,0.5235,0.57525,0.56076,0.28125,1.71555,1.66444,0.03615,0.00083368,0.00083368,0.00083368
44,225.364,1.44529,1.6096,0.02139,0.60172,0.55178,0.58717,0.3007,1.65383,1.61368,0.03428,0.00082972,0.00082972,0.00082972
45,230.243,1.44023,1.57898,0.02198,0.49663,0.56405,0.55194,0.27084,1.69092,1.72391,0.03587,0.00082576,0.00082576,0.00082576
46,234.877,1.47101,1.5786,0.02183,0.51977,0.56713,0.54462,0.26598,1.68237,1.732,0.03405,0.0008218,0.0008218,0.0008218
47,239.819,1.43636,1.57209,0.02166,0.54078,0.55673,0.55486,0.28352,1.60451,1.67211,0.03272,0.00081784,0.00081784,0.00081784
48,244.929,1.44957,1.57311,0.0208,0.49443,0.59111,0.57453,0.29358,1.64178,1.64133,0.03285,0.00081388,0.00081388,0.00081388
49,249.844,1.43925,1.58898,0.02175,0.56801,0.55661,0.57014,0.27792,1.6751,1.63423,0.03418,0.00080992,0.00080992,0.00080992
50,254.766,1.44267,1.55428,0.02145,0.52679,0.58912,0.57247,0.29137,1.64261,1.64299,0.03437,0.00080596,0.00080596,0.00080596
51,259.846,1.45094,1.57445,0.02167,0.54583,0.55146,0.58119,0.29907,1.65757,1.60257,0.03326,0.000802,0.000802,0.000802
52,264.646,1.43609,1.55569,0.02054,0.60892,0.57999,0.60929,0.30703,1.66342,1.56301,0.03363,0.00079804,0.00079804,0.00079804
53,269.423,1.40463,1.52024,0.02053,0.59844,0.61156,0.63566,0.32759,1.66408,1.51544,0.03297,0.00079408,0.00079408,0.00079408
54,274.435,1.41176,1.52122,0.02082,0.58466,0.60331,0.61457,0.3195,1.61842,1.55567,0.03338,0.00079012,0.00079012,0.00079012
55,279.055,1.41975,1.5597,0.02083,0.59204,0.63734,0.6477,0.32879,1.59642,1.53706,0.03184,0.00078616,0.00078616,0.00078616
56,283.579,1.43218,1.52138,0.02142,0.5465,0.60834,0.59375,0.29978,1.63314,1.58088,0.03324,0.0007822,0.0007822,0.0007822
57,288.199,1.42427,1.51402,0.02107,0.55213,0.54745,0.57873,0.30013,1.62968,1.61605,0.03323,0.00077824,0.00077824,0.00077824
58,292.712,1.39223,1.5,0.02082,0.52579,0.58694,0.59907,0.31149,1.60814,1.56937,0.03397,0.00077428,0.00077428,0.00077428
59,297.275,1.40907,1.50337,0.02045,0.50049,0.58227,0.57475,0.29563,1.59015,1.59938,0.03296,0.00077032,0.00077032,0.00077032
60,301.926,1.41759,1.4661,0.0206,0.54512,0.60402,0.60602,0.31132,1.62517,1.55322,0.03342,0.00076636,0.00076636,0.00076636
61,306.74,1.42053,1.46889,0.02068,0.56887,0.58754,0.6123,0.30719,1.63221,1.5963,0.03366,0.0007624,0.0007624,0.0007624
62,311.629,1.40175,1.45576,0.02121,0.61043,0.57833,0.60354,0.30165,1.64453,1.56611,0.0338,0.00075844,0.00075844,0.00075844
63,316.823,1.41071,1.46642,0.02125,0.58945,0.58206,0.61404,0.32123,1.644,1.47831,0.03487,0.00075448,0.00075448,0.00075448
64,321.93,1.41418,1.44508,0.021,0.56955,0.61015,0.60121,0.31888,1.60805,1.50763,0.0337,0.00075052,0.00075052,0.00075052
65,327.033,1.42051,1.44921,0.02063,0.52181,0.58858,0.61007,0.29619,1.65198,1.60858,0.03454,0.00074656,0.00074656,0.00074656
66,332.246,1.38921,1.45822,0.02046,0.55637,0.59548,0.61202,0.31345,1.67394,1.50602,0.03455,0.0007426,0.0007426,0.0007426
67,337.314,1.39632,1.44075,0.02027,0.58903,0.59856,0.63727,0.31441,1.68152,1.54211,0.03365,0.00073864,0.00073864,0.00073864
68,342.351,1.41297,1.42677,0.02093,0.50293,0.58842,0.56179,0.27489,1.77219,1.62644,0.03734,0.00073468,0.00073468,0.00073468
69,347.583,1.40657,1.42902,0.02041,0.57061,0.66544,0.65157,0.33924,1.61122,1.42521,0.03243,0.00073072,0.00073072,0.00073072
70,352.662,1.3877,1.42226,0.02041,0.61623,0.60316,0.63196,0.32216,1.64516,1.46229,0.03396,0.00072676,0.00072676,0.00072676
71,357.713,1.39385,1.39708,0.02003,0.64292,0.59401,0.64596,0.32457,1.65649,1.50744,0.03387,0.0007228,0.0007228,0.0007228
72,362.878,1.38446,1.43346,0.02037,0.61244,0.61089,0.62634,0.32538,1.63237,1.5019,0.03293,0.00071884,0.00071884,0.00071884
73,367.758,1.3686,1.40263,0.02014,0.61648,0.61808,0.64349,0.34387,1.58119,1.46824,0.03207,0.00071488,0.00071488,0.00071488
74,372.637,1.39726,1.38207,0.02021,0.59744,0.59374,0.63149,0.34372,1.57067,1.47235,0.03147,0.00071092,0.00071092,0.00071092
75,377.661,1.40568,1.39383,0.02063,0.55334,0.60985,0.6145,0.32909,1.60338,1.48117,0.03224,0.00070696,0.00070696,0.00070696
76,382.61,1.37732,1.38156,0.01988,0.61953,0.61425,0.6484,0.33639,1.64661,1.43103,0.03462,0.000703,0.000703,0.000703
77,387.486,1.36352,1.37765,0.01981,0.53553,0.57386,0.58954,0.29944,1.68634,1.53269,0.03495,0.00069904,0.00069904,0.00069904
78,392.479,1.36016,1.37216,0.01938,0.63077,0.59264,0.63397,0.32047,1.67543,1.47498,0.03476,0.00069508,0.00069508,0.00069508
79,397.378,1.35451,1.35729,0.01986,0.58858,0.60273,0.61331,0.31412,1.64406,1.46536,0.03414,0.00069112,0.00069112,0.00069112
80,402.35,1.33929,1.34785,0.0196,0.63639,0.60658,0.66046,0.34734,1.58898,1.40333,0.03197,0.00068716,0.00068716,0.00068716
81,407.353,1.3274,1.33608,0.01941,0.61139,0.65475,0.67539,0.3528,1.5757,1.3642,0.03224,0.0006832,0.0006832,0.0006832
82,412.215,1.36201,1.38121,0.02007,0.59104,0.62303,0.64997,0.35254,1.58981,1.4063,0.03198,0.00067924,0.00067924,0.00067924
83,417.115,1.36799,1.35143,0.02017,0.61518,0.62232,0.65783,0.34149,1.65081,1.40782,0.03358,0.00067528,0.00067528,0.00067528
84,422.067,1.3471,1.34067,0.0193,0.56924,0.61667,0.61344,0.31985,1.64224,1.48154,0.0333,0.00067132,0.00067132,0.00067132
85,426.639,1.33375,1.26015,0.01926,0.6205,0.63486,0.6635,0.34616,1.6296,1.45001,0.03294,0.00066736,0.00066736,0.00066736
86,431.32,1.32407,1.30997,0.01942,0.62388,0.61258,0.63989,0.34519,1.60567,1.443,0.03268,0.0006634,0.0006634,0.0006634
87,436.074,1.33445,1.33917,0.01959,0.58576,0.59715,0.60952,0.31692,1.63001,1.46994,0.03343,0.00065944,0.00065944,0.00065944
88,440.631,1.35141,1.30788,0.01995,0.64293,0.64324,0.6667,0.34903,1.66057,1.38668,0.0333,0.00065548,0.00065548,0.00065548
89,445.143,1.35177,1.32789,0.0197,0.63936,0.6139,0.66525,0.35734,1.62203,1.39453,0.03255,0.00065152,0.00065152,0.00065152
90,449.764,1.3507,1.33023,0.01953,0.67618,0.57406,0.65872,0.34516,1.63943,1.42675,0.03299,0.00064756,0.00064756,0.00064756
91,454.385,1.3344,1.30389,0.01938,0.62378,0.62621,0.65558,0.3444,1.61073,1.39907,0.03329,0.0006436,0.0006436,0.0006436
92,459.269,1.34339,1.2769,0.01945,0.65362,0.62768,0.67136,0.3465,1.62114,1.41281,0.03312,0.00063964,0.00063964,0.00063964
93,464.391,1.33537,1.28107,0.01923,0.66726,0.60543,0.67011,0.3604,1.62547,1.36144,0.03322,0.00063568,0.00063568,0.00063568
94,469.14,1.33058,1.29893,0.01967,0.62481,0.61116,0.64225,0.34185,1.66632,1.40213,0.03431,0.00063172,0.00063172,0.00063172
95,474.213,1.33172,1.27483,0.01907,0.61523,0.59513,0.6467,0.34414,1.61396,1.39582,0.03303,0.00062776,0.00062776,0.00062776
96,479.351,1.32865,1.29022,0.01943,0.59474,0.59883,0.61796,0.3309,1.67213,1.41568,0.03511,0.0006238,0.0006238,0.0006238
97,484.349,1.31846,1.28358,0.01887,0.63762,0.59366,0.65081,0.33673,1.6548,1.395,0.03377,0.00061984,0.00061984,0.00061984
98,489.436,1.32057,1.2861,0.01906,0.5612,0.65505,0.63428,0.31291,1.70233,1.4133,0.03461,0.00061588,0.00061588,0.00061588
99,494.592,1.33522,1.28962,0.01929,0.58401,0.65237,0.644,0.33919,1.67787,1.39958,0.03454,0.00061192,0.00061192,0.00061192
100,499.485,1.31106,1.28201,0.01902,0.67311,0.59523,0.67372,0.35989,1.60627,1.34976,0.03258,0.00060796,0.00060796,0.00060796
101,504.516,1.32482,1.25217,0.01915,0.63503,0.61903,0.669,0.34639,1.6715,1.357,0.03455,0.000604,0.000604,0.000604
102,509.502,1.32102,1.27337,0.01966,0.61832,0.5906,0.64066,0.33786,1.66468,1.42808,0.03432,0.00060004,0.00060004,0.00060004
103,514.365,1.32868,1.22952,0.01914,0.56543,0.61422,0.63337,0.33379,1.70478,1.3733,0.0358,0.00059608,0.00059608,0.00059608
104,519.226,1.31892,1.24727,0.0193,0.61167,0.59473,0.6444,0.32826,1.67852,1.41271,0.0345,0.00059212,0.00059212,0.00059212
105,524.243,1.31626,1.25157,0.01918,0.64618,0.59332,0.62405,0.32175,1.70308,1.50451,0.03473,0.00058816,0.00058816,0.00058816
106,529.096,1.30012,1.21809,0.0189,0.62721,0.62459,0.66963,0.3531,1.62469,1.3728,0.03378,0.0005842,0.0005842,0.0005842
107,533.923,1.29453,1.22257,0.01856,0.60638,0.62946,0.65108,0.35022,1.63973,1.37077,0.03287,0.00058024,0.00058024,0.00058024
108,538.899,1.3106,1.23742,0.01907,0.60818,0.63907,0.66671,0.36113,1.58302,1.40144,0.03199,0.00057628,0.00057628,0.00057628
109,543.78,1.29673,1.22217,0.01852,0.63611,0.62348,0.64738,0.33854,1.65499,1.40989,0.03445,0.00057232,0.00057232,0.00057232
110,548.612,1.29743,1.20924,0.01874,0.63506,0.64139,0.66338,0.36025,1.59363,1.32952,0.03197,0.00056836,0.00056836,0.00056836
111,553.579,1.28876,1.22326,0.01893,0.58333,0.62709,0.63156,0.33896,1.61644,1.39826,0.0323,0.0005644,0.0005644,0.0005644
112,558.43,1.28672,1.18598,0.01883,0.64818,0.61984,0.64296,0.34274,1.66059,1.40199,0.03425,0.00056044,0.00056044,0.00056044
113,563.379,1.3082,1.24164,0.01941,0.62088,0.64196,0.6707,0.36083,1.5723,1.34706,0.03182,0.00055648,0.00055648,0.00055648
114,568.324,1.29805,1.22142,0.01873,0.64113,0.62459,0.65769,0.33872,1.67403,1.38179,0.03346,0.00055252,0.00055252,0.00055252
115,573.154,1.31875,1.21579,0.01868,0.67328,0.60782,0.66776,0.35463,1.61205,1.36731,0.03277,0.00054856,0.00054856,0.00054856
116,578.062,1.27662,1.18263,0.01863,0.68104,0.65775,0.70793,0.37982,1.60103,1.3222,0.03208,0.0005446,0.0005446,0.0005446
117,583.156,1.26434,1.16748,0.01826,0.69092,0.63516,0.68774,0.37234,1.59086,1.3518,0.03202,0.00054064,0.00054064,0.00054064
118,588.004,1.30156,1.18273,0.01855,0.62666,0.64299,0.68016,0.3638,1.62624,1.33962,0.03307,0.00053668,0.00053668,0.00053668
119,592.853,1.26807,1.17033,0.01804,0.67774,0.64851,0.69661,0.36621,1.65935,1.2971,0.0341,0.00053272,0.00053272,0.00053272
120,597.836,1.29557,1.19518,0.01875,0.61923,0.63108,0.67003,0.35714,1.63547,1.33963,0.03316,0.00052876,0.00052876,0.00052876
121,602.655,1.2523,1.16697,0.01819,0.62126,0.65839,0.64565,0.3335,1.66579,1.41126,0.03439,0.0005248,0.0005248,0.0005248
122,607.3,1.29198,1.16675,0.01854,0.59838,0.62719,0.64679,0.33808,1.65068,1.36995,0.03338,0.00052084,0.00052084,0.00052084
123,612.071,1.27428,1.15719,0.01845,0.6366,0.65551,0.67707,0.36367,1.65586,1.34175,0.0339,0.00051688,0.00051688,0.00051688
124,616.727,1.25852,1.14033,0.01808,0.65254,0.62759,0.66937,0.35677,1.61563,1.31808,0.0328,0.00051292,0.00051292,0.00051292
125,621.401,1.2871,1.16719,0.01851,0.63273,0.63768,0.6494,0.34636,1.636,1.36118,0.03307,0.00050896,0.00050896,0.00050896
126,626.444,1.2587,1.15476,0.01839,0.64167,0.6641,0.6788,0.35398,1.66458,1.34992,0.03338,0.000505,0.000505,0.000505
127,631.513,1.2515,1.12899,0.0178,0.61737,0.65462,0.66479,0.35287,1.64782,1.3538,0.03395,0.00050104,0.00050104,0.00050104
128,636.556,1.26399,1.16923,0.01863,0.65384,0.63995,0.67591,0.36436,1.63065,1.32769,0.03373,0.00049708,0.00049708,0.00049708
129,641.762,1.26938,1.14835,0.01851,0.67202,0.62909,0.6634,0.35714,1.61036,1.36947,0.0324,0.00049312,0.00049312,0.00049312
130,646.763,1.26275,1.13794,0.01808,0.63453,0.64404,0.65775,0.35771,1.6239,1.35847,0.03298,0.00048916,0.00048916,0.00048916
131,651.694,1.27109,1.14954,0.01785,0.6435,0.62502,0.64515,0.34174,1.65949,1.42841,0.03443,0.0004852,0.0004852,0.0004852
132,656.651,1.2536,1.13393,0.01826,0.62379,0.64976,0.68162,0.3602,1.62962,1.3452,0.03278,0.00048124,0.00048124,0.00048124
133,661.49,1.26377,1.13791,0.01836,0.61136,0.68265,0.69296,0.37501,1.64268,1.25815,0.03384,0.00047728,0.00047728,0.00047728
134,666.389,1.23563,1.11426,0.01745,0.64677,0.6657,0.69396,0.3738,1.6663,1.29895,0.03378,0.00047332,0.00047332,0.00047332
135,671.319,1.26992,1.0916,0.01825,0.67,0.62442,0.65868,0.35874,1.66228,1.29816,0.03404,0.00046936,0.00046936,0.00046936
136,676.223,1.2432,1.10086,0.01827,0.65752,0.62847,0.66056,0.35618,1.63155,1.36574,0.03303,0.0004654,0.0004654,0.0004654
137,680.729,1.24303,1.08805,0.01804,0.66931,0.62385,0.66835,0.35579,1.64103,1.32314,0.03415,0.00046144,0.00046144,0.00046144
138,685.499,1.23299,1.0826,0.01757,0.64938,0.62654,0.6661,0.35554,1.66871,1.33855,0.03427,0.00045748,0.00045748,0.00045748
139,690.101,1.24044,1.06312,0.01767,0.70816,0.63075,0.67247,0.35163,1.64171,1.32871,0.03381,0.00045352,0.00045352,0.00045352
140,694.738,1.23636,1.08806,0.01802,0.63819,0.70183,0.68603,0.36516,1.67158,1.26383,0.0337,0.00044956,0.00044956,0.00044956
141,699.681,1.2304,1.09288,0.01752,0.67949,0.66781,0.70152,0.38031,1.63401,1.27917,0.03276,0.0004456,0.0004456,0.0004456
142,704.075,1.25492,1.05802,0.01786,0.65998,0.60745,0.64761,0.34929,1.66975,1.32955,0.03368,0.00044164,0.00044164,0.00044164
143,708.583,1.23293,1.07715,0.01705,0.63156,0.68323,0.67524,0.35858,1.64844,1.26263,0.03362,0.00043768,0.00043768,0.00043768
144,713.242,1.2099,1.05674,0.01705,0.67656,0.64167,0.68306,0.36213,1.65015,1.28378,0.03351,0.00043372,0.00043372,0.00043372
145,717.758,1.23757,1.05691,0.01783,0.72182,0.60752,0.68407,0.35976,1.67597,1.29728,0.03393,0.00042976,0.00042976,0.00042976
146,722.281,1.26738,1.08311,0.01859,0.66067,0.64886,0.6909,0.36242,1.67403,1.28985,0.03338,0.0004258,0.0004258,0.0004258
147,727.101,1.23044,1.0574,0.01725,0.68971,0.65487,0.68903,0.36695,1.6741,1.27471,0.03382,0.00042184,0.00042184,0.00042184
148,731.997,1.22281,1.02851,0.01733,0.62833,0.67564,0.68,0.36902,1.63959,1.30088,0.03309,0.00041788,0.00041788,0.00041788
149,736.75,1.2127,1.03539,0.01711,0.72588,0.61869,0.68949,0.37281,1.65772,1.289,0.0343,0.00041392,0.00041392,0.00041392
150,741.637,1.22129,1.06211,0.01812,0.6509,0.65448,0.65362,0.34627,1.65892,1.31289,0.0338,0.00040996,0.00040996,0.00040996
151,746.692,1.19685,1.05991,0.017,0.61798,0.69516,0.67278,0.36074,1.66104,1.27391,0.03393,0.000406,0.000406,0.000406
152,751.731,1.20366,1.00577,0.01701,0.69969,0.64939,0.69676,0.37341,1.65946,1.25985,0.03429,0.00040204,0.00040204,0.00040204
153,756.886,1.20353,1.04462,0.01718,0.64087,0.64656,0.65774,0.3469,1.69114,1.34092,0.03356,0.00039808,0.00039808,0.00039808
154,761.737,1.1993,1.0423,0.01713,0.65636,0.658,0.67849,0.36392,1.66585,1.29295,0.03362,0.00039412,0.00039412,0.00039412
155,766.699,1.20704,1.05182,0.01695,0.6986,0.614,0.67189,0.36833,1.637,1.33676,0.03331,0.00039016,0.00039016,0.00039016
156,771.836,1.22002,1.06015,0.01744,0.6119,0.68057,0.67317,0.36217,1.63055,1.34535,0.03332,0.0003862,0.0003862,0.0003862
157,776.841,1.18852,1.03229,0.01715,0.64326,0.65131,0.67889,0.36924,1.61644,1.2762,0.03282,0.00038224,0.00038224,0.00038224
158,781.577,1.20066,1.04069,0.01658,0.64285,0.64331,0.65881,0.35821,1.65209,1.30433,0.03374,0.00037828,0.00037828,0.00037828
159,786.371,1.18944,1.04229,0.01705,0.65628,0.68322,0.69034,0.36914,1.66563,1.26582,0.03376,0.00037432,0.00037432,0.00037432
160,791.358,1.19505,1.01332,0.01697,0.63994,0.65011,0.6654,0.35243,1.69956,1.27136,0.03455,0.00037036,0.00037036,0.00037036
161,796.203,1.20289,1.0301,0.01735,0.66561,0.65605,0.67819,0.36097,1.67009,1.27178,0.03395,0.0003664,0.0003664,0.0003664
162,801.152,1.20911,1.00345,0.01673,0.6802,0.63536,0.67567,0.37142,1.6231,1.31054,0.03315,0.00036244,0.00036244,0.00036244
163,806.001,1.19104,1.01159,0.01728,0.7318,0.62539,0.68978,0.37396,1.66531,1.26051,0.03387,0.00035848,0.00035848,0.00035848
164,810.898,1.20495,1.02773,0.01726,0.63834,0.66046,0.67972,0.36824,1.68284,1.25635,0.03408,0.00035452,0.00035452,0.00035452
165,815.635,1.18168,0.99622,0.01685,0.66726,0.68163,0.69494,0.37174,1.67332,1.26798,0.03387,0.00035056,0.00035056,0.00035056
166,820.128,1.18022,0.99981,0.01664,0.64174,0.62693,0.65992,0.35659,1.69096,1.30006,0.03464,0.0003466,0.0003466,0.0003466
167,824.63,1.16598,0.96935,0.01656,0.71308,0.61107,0.68161,0.37369,1.66216,1.30747,0.03359,0.00034264,0.00034264,0.00034264
168,829.321,1.17331,1.01018,0.01688,0.7156,0.63946,0.69713,0.38441,1.6471,1.24363,0.03313,0.00033868,0.00033868,0.00033868
169,833.878,1.17776,1.00296,0.01662,0.69888,0.61767,0.67368,0.35827,1.68087,1.27325,0.03398,0.00033472,0.00033472,0.00033472
170,838.367,1.16267,0.99752,0.01636,0.72581,0.64196,0.69386,0.36623,1.66922,1.30223,0.03366,0.00033076,0.00033076,0.00033076
171,842.989,1.15888,0.98735,0.01639,0.67665,0.65453,0.69197,0.36458,1.65656,1.28939,0.03373,0.0003268,0.0003268,0.0003268
172,847.558,1.15332,0.9638,0.01682,0.65593,0.65816,0.67294,0.36046,1.69341,1.29701,0.03423,0.00032284,0.00032284,0.00032284
173,852.12,1.15695,0.96624,0.01641,0.65781,0.65772,0.68219,0.36021,1.69108,1.30165,0.03443,0.00031888,0.00031888,0.00031888
174,856.775,1.18179,0.99042,0.01696,0.65258,0.6323,0.67155,0.35542,1.67053,1.28279,0.03423,0.00031492,0.00031492,0.00031492
175,861.487,1.1635,0.96996,0.01653,0.66816,0.59824,0.6623,0.35263,1.70098,1.31501,0.03529,0.00031096,0.00031096,0.00031096
176,866.444,1.1721,0.98229,0.01639,0.67478,0.64624,0.68392,0.36787,1.65204,1.29887,0.03373,0.000307,0.000307,0.000307
177,871.33,1.15921,0.96935,0.01627,0.68441,0.63295,0.66542,0.35576,1.67778,1.30183,0.03473,0.00030304,0.00030304,0.00030304
178,876.152,1.17292,0.98001,0.01688,0.63917,0.68806,0.69464,0.37149,1.65224,1.2673,0.03386,0.00029908,0.00029908,0.00029908
179,880.977,1.16211,0.96652,0.01627,0.7033,0.6741,0.70345,0.37471,1.66301,1.2755,0.03377,0.00029512,0.00029512,0.00029512
180,885.891,1.12594,0.9582,0.01609,0.67782,0.67295,0.68708,0.36907,1.65163,1.27294,0.03319,0.00029116,0.00029116,0.00029116
181,890.808,1.16511,0.96289,0.01675,0.73918,0.61786,0.68255,0.36668,1.66392,1.2809,0.03404,0.0002872,0.0002872,0.0002872
182,895.491,1.14138,0.96583,0.01638,0.68525,0.66758,0.70381,0.3797,1.6643,1.26303,0.0336,0.00028324,0.00028324,0.00028324
183,900.254,1.14795,0.93788,0.01654,0.70242,0.64085,0.688,0.37205,1.65433,1.24881,0.03335,0.00027928,0.00027928,0.00027928
184,904.987,1.15835,0.96101,0.01654,0.69029,0.65727,0.68859,0.375,1.63643,1.26417,0.03291,0.00027532,0.00027532,0.00027532
185,909.778,1.14712,0.95119,0.01659,0.63754,0.67016,0.68343,0.36688,1.67379,1.2496,0.03422,0.00027136,0.00027136,0.00027136
186,914.81,1.13323,0.91773,0.01575,0.67909,0.66891,0.68824,0.36874,1.6584,1.30206,0.03379,0.0002674,0.0002674,0.0002674
187,919.788,1.14701,0.94433,0.01615,0.70677,0.62889,0.6985,0.38272,1.64988,1.24436,0.03351,0.00026344,0.00026344,0.00026344
188,924.83,1.12304,0.94258,0.01582,0.65613,0.65485,0.67514,0.36653,1.6609,1.29488,0.03363,0.00025948,0.00025948,0.00025948
189,930.045,1.14594,0.93787,0.0162,0.6989,0.66038,0.69748,0.38012,1.65176,1.28297,0.03341,0.00025552,0.00025552,0.00025552
190,935.058,1.14309,0.92558,0.01643,0.6968,0.64366,0.68596,0.37393,1.67203,1.25409,0.03459,0.00025156,0.00025156,0.00025156
191,939.565,1.11921,0.91685,0.01564,0.68216,0.64681,0.69059,0.37975,1.65612,1.27003,0.03392,0.0002476,0.0002476,0.0002476
192,944.175,1.13779,0.94961,0.01608,0.71002,0.64352,0.68567,0.3745,1.65115,1.26759,0.03374,0.00024364,0.00024364,0.00024364
193,948.655,1.13472,0.92486,0.01602,0.65279,0.67822,0.68949,0.36648,1.68677,1.27237,0.03449,0.00023968,0.00023968,0.00023968
194,953.37,1.12034,0.91626,0.01605,0.62747,0.67318,0.67563,0.36657,1.67262,1.30202,0.03443,0.00023572,0.00023572,0.00023572
195,958.347,1.11954,0.91321,0.01578,0.68236,0.68844,0.69289,0.37439,1.66214,1.26634,0.03412,0.00023176,0.00023176,0.00023176
196,962.87,1.13379,0.91536,0.01609,0.65227,0.66936,0.68537,0.36275,1.66485,1.30545,0.0344,0.0002278,0.0002278,0.0002278
197,967.369,1.12235,0.91481,0.0155,0.65271,0.65741,0.67063,0.35985,1.67762,1.29847,0.0342,0.00022384,0.00022384,0.00022384
198,972.017,1.09967,0.90635,0.01585,0.66918,0.65014,0.68269,0.36596,1.68731,1.28265,0.0347,0.00021988,0.00021988,0.00021988
199,976.588,1.10603,0.92064,0.01583,0.68346,0.6352,0.67862,0.3654,1.68543,1.28393,0.03466,0.00021592,0.00021592,0.00021592
200,981.142,1.12685,0.93786,0.01597,0.68761,0.63134,0.68208,0.3741,1.65643,1.25778,0.03432,0.00021196,0.00021196,0.00021196
201,985.76,1.11435,0.93189,0.01576,0.73577,0.60988,0.68984,0.37309,1.68107,1.24957,0.03476,0.000208,0.000208,0.000208
202,990.554,1.1062,0.90038,0.01548,0.70399,0.67065,0.69462,0.37891,1.6623,1.28891,0.03415,0.00020404,0.00020404,0.00020404
203,995.509,1.10577,0.89814,0.01554,0.7679,0.63011,0.70156,0.37717,1.66969,1.26713,0.03427,0.00020008,0.00020008,0.00020008
204,1000.46,1.10833,0.90356,0.01559,0.71223,0.65743,0.69424,0.37206,1.65944,1.28217,0.03373,0.00019612,0.00019612,0.00019612
205,1005.29,1.1015,0.89745,0.01553,0.69386,0.65666,0.68869,0.36924,1.68413,1.23763,0.03458,0.00019216,0.00019216,0.00019216
206,1009.89,1.10273,0.87157,0.01522,0.63494,0.69181,0.67266,0.36697,1.67681,1.28701,0.03387,0.0001882,0.0001882,0.0001882
207,1014.81,1.1045,0.90041,0.01559,0.65194,0.67185,0.67388,0.36495,1.67767,1.27339,0.03392,0.00018424,0.00018424,0.00018424
208,1019.66,1.10139,0.91,0.01549,0.69797,0.66528,0.69508,0.36853,1.67475,1.25383,0.03421,0.00018028,0.00018028,0.00018028
209,1024.47,1.08555,0.88366,0.01538,0.70652,0.65998,0.69829,0.37592,1.66677,1.2511,0.03399,0.00017632,0.00017632,0.00017632
210,1029.53,1.10107,0.90669,0.01556,0.68263,0.67585,0.69453,0.37239,1.67224,1.25691,0.03396,0.00017236,0.00017236,0.00017236
211,1034.53,1.10079,0.89398,0.01523,0.73379,0.63342,0.6987,0.37328,1.66987,1.25849,0.03391,0.0001684,0.0001684,0.0001684
212,1039.61,1.08576,0.89547,0.01506,0.67948,0.67582,0.6838,0.36964,1.69603,1.23218,0.03473,0.00016444,0.00016444,0.00016444
213,1044.75,1.08944,0.89242,0.01554,0.73647,0.64013,0.69735,0.3841,1.66258,1.22863,0.03395,0.00016048,0.00016048,0.00016048
214,1049.8,1.08595,0.86951,0.01546,0.76632,0.63615,0.70087,0.37058,1.68032,1.23144,0.03454,0.00015652,0.00015652,0.00015652
215,1054.77,1.10854,0.8665,0.01578,0.70837,0.67457,0.70978,0.37752,1.67993,1.2446,0.03422,0.00015256,0.00015256,0.00015256
216,1059.82,1.0737,0.87735,0.01518,0.72949,0.67741,0.70653,0.38032,1.68677,1.24665,0.03427,0.0001486,0.0001486,0.0001486
217,1064.75,1.05418,0.83888,0.0148,0.7044,0.65508,0.68708,0.37597,1.67741,1.24381,0.03421,0.00014464,0.00014464,0.00014464
218,1069.62,1.06787,0.87252,0.01488,0.71106,0.66819,0.69639,0.37773,1.6832,1.22138,0.03435,0.00014068,0.00014068,0.00014068
219,1074.83,1.06849,0.84681,0.01514,0.68274,0.67732,0.68301,0.36969,1.68383,1.22867,0.03463,0.00013672,0.00013672,0.00013672
220,1079.83,1.06779,0.87898,0.01511,0.69161,0.66984,0.68347,0.36348,1.69103,1.2664,0.03468,0.00013276,0.00013276,0.00013276
221,1084.66,1.06176,0.85939,0.01522,0.69455,0.65418,0.68425,0.36484,1.6911,1.26006,0.03488,0.0001288,0.0001288,0.0001288
222,1089.61,1.04555,0.83814,0.0144,0.73015,0.65111,0.69518,0.37041,1.68809,1.26139,0.03468,0.00012484,0.00012484,0.00012484
223,1094.45,1.08042,0.87883,0.01527,0.68248,0.6624,0.69098,0.37074,1.68688,1.25335,0.03461,0.00012088,0.00012088,0.00012088
224,1099.22,1.08679,0.8913,0.01518,0.70679,0.66202,0.69409,0.37203,1.68047,1.26479,0.03403,0.00011692,0.00011692,0.00011692
225,1103.84,1.06507,0.86349,0.01502,0.69347,0.66747,0.69125,0.37286,1.66888,1.2567,0.03386,0.00011296,0.00011296,0.00011296
226,1108.33,1.08882,0.85975,0.01498,0.68336,0.67924,0.68284,0.37085,1.67884,1.2522,0.03415,0.000109,0.000109,0.000109
227,1112.96,1.06249,0.84834,0.01483,0.71942,0.67838,0.69819,0.37925,1.65881,1.21514,0.03381,0.00010504,0.00010504,0.00010504
228,1117.8,1.06655,0.86086,0.01522,0.6885,0.69001,0.69815,0.37563,1.65196,1.2368,0.03373,0.00010108,0.00010108,0.00010108
229,1122.68,1.08291,0.86904,0.01517,0.70075,0.64966,0.69248,0.37504,1.67722,1.2396,0.03439,9.712e-05,9.712e-05,9.712e-05
230,1127.47,1.05548,0.85495,0.01489,0.69475,0.65571,0.68251,0.36966,1.66811,1.25884,0.03435,9.316e-05,9.316e-05,9.316e-05
231,1132.48,1.07379,0.86945,0.01517,0.6837,0.65044,0.67344,0.36956,1.68091,1.26156,0.03422,8.92e-05,8.92e-05,8.92e-05
232,1137.37,1.05312,0.8319,0.01477,0.67097,0.69688,0.68403,0.36594,1.67887,1.24298,0.03414,8.524e-05,8.524e-05,8.524e-05
233,1142.23,1.04691,0.85607,0.01444,0.70459,0.65858,0.69506,0.37256,1.67297,1.24643,0.03409,8.128e-05,8.128e-05,8.128e-05
234,1147.14,1.07097,0.85882,0.01503,0.682,0.67192,0.69271,0.3715,1.66945,1.25939,0.03408,7.732e-05,7.732e-05,7.732e-05
235,1151.76,1.07123,0.85584,0.01498,0.68142,0.66063,0.68907,0.37151,1.6839,1.27435,0.03443,7.336e-05,7.336e-05,7.336e-05
236,1156.33,1.04842,0.84847,0.01434,0.70138,0.65194,0.69734,0.37183,1.68105,1.26747,0.03425,6.94e-05,6.94e-05,6.94e-05
237,1161.01,1.06558,0.83517,0.01501,0.71448,0.65499,0.68868,0.36712,1.683,1.26207,0.03433,6.544e-05,6.544e-05,6.544e-05
238,1165.51,1.04659,0.83312,0.01459,0.70061,0.66452,0.69148,0.3704,1.67999,1.26029,0.03446,6.148e-05,6.148e-05,6.148e-05
239,1170,1.04761,0.82545,0.01457,0.74444,0.63092,0.69147,0.37216,1.68492,1.24953,0.03443,5.752e-05,5.752e-05,5.752e-05
240,1174.85,1.04127,0.85502,0.01482,0.71771,0.64791,0.68801,0.36817,1.69437,1.24745,0.03463,5.356e-05,5.356e-05,5.356e-05
241,1181.78,1.08396,0.78472,0.0208,0.68272,0.66815,0.685,0.36828,1.69827,1.26293,0.0348,4.96e-05,4.96e-05,4.96e-05
242,1186.77,1.0342,0.69052,0.01953,0.6824,0.67543,0.69021,0.37087,1.69528,1.25855,0.03486,4.564e-05,4.564e-05,4.564e-05
243,1191.51,0.98847,0.62791,0.01808,0.70747,0.65938,0.69231,0.37173,1.69065,1.25316,0.03452,4.168e-05,4.168e-05,4.168e-05
244,1196.35,0.99709,0.64429,0.01852,0.67162,0.6684,0.68958,0.37266,1.69039,1.25787,0.03461,3.772e-05,3.772e-05,3.772e-05
245,1201.42,0.98919,0.6218,0.01835,0.71543,0.64707,0.6915,0.37527,1.69539,1.24318,0.03471,3.376e-05,3.376e-05,3.376e-05
246,1206.27,0.9628,0.61654,0.01757,0.68764,0.67013,0.69084,0.37481,1.69355,1.24704,0.03468,2.98e-05,2.98e-05,2.98e-05
247,1211.27,0.98624,0.62974,0.01845,0.67812,0.68574,0.688,0.37496,1.69369,1.25075,0.03466,2.584e-05,2.584e-05,2.584e-05
248,1216.23,0.96737,0.62186,0.01773,0.65818,0.68893,0.68734,0.37298,1.69954,1.243,0.0349,2.188e-05,2.188e-05,2.188e-05
249,1220.85,0.95804,0.61155,0.01749,0.734,0.63131,0.68806,0.37293,1.6942,1.25197,0.03459,1.792e-05,1.792e-05,1.792e-05
250,1225.31,0.95464,0.58833,0.01771,0.6859,0.66179,0.68596,0.37046,1.69661,1.24909,0.03479,1.396e-05,1.396e-05,1.396e-05
