section,key,yolo26n,msdgs,delta_msdgs_minus_yolo26n
seed0,map50,0.704649,0.711102,+0.006453
seed0,map50_95,0.374058,0.367406,-0.006652
seed1,map50,0.674539,0.675409,+0.000870
seed1,map50_95,0.348005,0.349326,+0.001321
seed2,map50,0.693589,0.700922,+0.007333
seed2,map50_95,0.363207,0.373917,+0.010710
seed3,map50,0.697213,0.687183,-0.010031
seed3,map50_95,0.365873,0.352196,-0.013677
stat_map50,mean,0.692498,0.693654,+0.001156
stat_map50,std_pop,0.011108,0.013528,+0.002420
stat_map50,min,0.674539,0.675409,+0.000870
stat_map50,max,0.704649,0.711102,+0.006453
stat_map50,range,0.030109,0.035693,+0.005583
stat_map50_95,mean,0.362786,0.360711,-0.002074
stat_map50_95,std_pop,0.009424,0.010263,+0.000839
stat_map50_95,min,0.348005,0.349326,+0.001321
stat_map50_95,max,0.374058,0.373917,-0.000141
stat_map50_95,range,0.026053,0.024591,-0.001462
stat_fps,mean,2132.327360,2365.297356,+232.969996
stat_fps,std_pop,2.495345,4.067553,+1.572208
stat_fps,min,2128.130469,2358.918784,+230.788315
stat_fps,max,2134.442515,2369.872583,+235.430068
stat_fps,range,6.312046,10.953799,+4.641753
efficiency,fused_params,2376006,1777318,-598688
efficiency,params_reduction_pct,,25.20,
efficiency,fps_gain_pct,,10.93,
class_ap50_mean,crazing,0.351654,0.337440,-0.014214
class_ap50_mean,inclusion,0.708648,0.719005,+0.010357
class_ap50_mean,patches,0.904071,0.890809,-0.013262
class_ap50_mean,pitted_surface,0.724611,0.743744,+0.019133
class_ap50_mean,rolled-in_scale,0.580999,0.595912,+0.014913
class_ap50_mean,scratches,0.885002,0.875013,-0.009989
class_ap50_95_mean,crazing,0.122292,0.110835,-0.011457
class_ap50_95_mean,inclusion,0.347635,0.360687,+0.013053
class_ap50_95_mean,patches,0.563023,0.549464,-0.013559
class_ap50_95_mean,pitted_surface,0.409658,0.416546,+0.006888
class_ap50_95_mean,rolled-in_scale,0.272964,0.260783,-0.012181
class_ap50_95_mean,scratches,0.461144,0.465954,+0.004810
