                  epoch,         train/box_loss,         train/cls_loss,         train/dfl_loss,   metrics/precision(B),      metrics/recall(B),       metrics/mAP50(B),    metrics/mAP50-95(B),           val/box_loss,           val/cls_loss,           val/dfl_loss,                 lr/pg0,                 lr/pg1,                 lr/pg2
                      1,                 3.9734,                 4.6514,                 4.1346,                0.00082,                0.11204,                0.00075,                0.00037,                 3.7118,                  4.524,                 4.0003,                 0.0721,                 0.0031,                 0.0031
                      2,                 3.6915,                 4.1614,                 3.8472,                0.00085,                0.11204,                0.00115,                0.00038,                 3.6465,                 4.5473,                 3.8588,               0.043275,              0.0062751,              0.0062751
                      3,                 3.4102,                 3.7721,                 3.6098,                0.00065,                0.13574,                0.00089,                0.00028,                 3.5987,                  4.062,                 3.7907,               0.014425,              0.0094248,              0.0094248
                      4,                 3.0134,                 3.1801,                 3.2417,                0.12678,                0.21678,                0.09765,                0.02568,                    nan,                    nan,                    nan,              0.0098812,              0.0098812,              0.0098812
                      5,                 2.7145,                 2.6834,                 2.8984,                0.49479,                0.25501,                0.25576,                0.09045,                  2.697,                 3.5215,                 3.0809,              0.0098416,              0.0098416,              0.0098416
                      6,                 2.5279,                 2.4283,                  2.701,                0.06366,                0.34956,                0.05396,                0.02222,                    nan,                    nan,                    nan,               0.009802,               0.009802,               0.009802
                      7,                 2.3483,                 2.1249,                 2.4802,                0.57167,                0.46714,                0.44927,                0.19095,                 2.2667,                 5.1676,                 2.5481,              0.0097624,              0.0097624,              0.0097624
                      8,                 2.2624,                 2.0213,                 2.3898,                0.49244,                 0.2128,                0.21533,                0.09289,                 2.9184,                 3.2512,                 2.9255,              0.0097228,              0.0097228,              0.0097228
                      9,                 2.2026,                  1.912,                 2.3291,                0.34478,                0.25667,                0.31197,                0.13431,                 2.6581,                 2.9164,                 2.8383,              0.0096832,              0.0096832,              0.0096832
                     10,                 2.1586,                 1.8421,                 2.2926,                0.45918,                0.60345,                0.51619,                0.23663,                 2.1201,                 2.6089,                 2.3294,              0.0096436,              0.0096436,              0.0096436
                     11,                 2.1038,                 1.7336,                 2.2259,                0.53888,                0.61508,                0.58384,                0.26225,                  2.108,                 2.6207,                 2.3562,               0.009604,               0.009604,               0.009604
                     12,                  2.011,                 1.6415,                 2.1406,                0.54604,                 0.5335,                0.49612,                0.22938,                 2.1152,                 1.7472,                 2.3341,              0.0095644,              0.0095644,              0.0095644
                     13,                  1.999,                 1.5878,                 2.1008,                0.54414,                0.65088,                0.60916,                0.27764,                 1.9804,                 1.5739,                 2.2683,              0.0095248,              0.0095248,              0.0095248
                     14,                 1.9698,                 1.5734,                 2.1087,                0.57047,                0.69897,                0.68352,                0.32075,                 1.9214,                 1.9712,                  2.171,              0.0094852,              0.0094852,              0.0094852
                     15,                 1.9499,                 1.5108,                 2.0646,                 0.5817,                0.57003,                0.57917,                0.26954,                  1.984,                 2.0972,                 2.2279,              0.0094456,              0.0094456,              0.0094456
                     16,                 1.9342,                 1.4981,                 2.0614,                 0.5466,                0.60554,                0.56103,                0.26015,                 1.9386,                 1.5819,                 2.1605,               0.009406,               0.009406,               0.009406
                     17,                 1.8798,                 1.4215,                 2.0072,                0.60765,                0.69026,                0.67427,                0.32227,                 1.8625,                 1.4212,                 2.0815,              0.0093664,              0.0093664,              0.0093664
                     18,                 1.8746,                 1.4007,                 1.9958,                0.65897,                0.68108,                0.72713,                0.34055,                 1.9657,                 1.3899,                 2.1616,              0.0093268,              0.0093268,              0.0093268
                     19,                 1.8503,                 1.3918,                 1.9799,                0.48835,                0.62063,                0.47813,                0.23972,                    nan,                    nan,                    nan,              0.0092872,              0.0092872,              0.0092872
                     20,                 1.8287,                 1.3259,                 1.9329,                0.65485,                0.75964,                0.72125,                0.36471,                 1.7952,                 1.2894,                 2.0057,              0.0092476,              0.0092476,              0.0092476
                     21,                 1.8261,                 1.3344,                 1.9364,                0.75953,                0.74097,                0.77046,                0.33817,                  2.082,                  1.316,                 2.2492,               0.009208,               0.009208,               0.009208
                     22,                  1.823,                 1.3092,                 1.9281,                0.68067,                0.77796,                 0.7715,                0.38181,                 1.7974,                 1.2629,                 2.0297,              0.0091684,              0.0091684,              0.0091684
                     23,                 1.8012,                 1.2797,                 1.9108,                0.43364,                0.73734,                0.42704,                0.21004,                    nan,                    nan,                    nan,              0.0091288,              0.0091288,              0.0091288
                     24,                 1.7798,                  1.261,                   1.89,                 0.7301,                0.76472,                 0.7573,                0.39972,                 1.7838,                 1.1791,                 1.9924,              0.0090892,              0.0090892,              0.0090892
                     25,                   1.76,                 1.2299,                 1.8644,                0.76515,                  0.786,                0.79193,                0.38624,                 1.8044,                 1.2132,                 1.9891,              0.0090496,              0.0090496,              0.0090496
                     26,                 1.7607,                  1.207,                 1.8382,                0.77814,                0.77416,                0.79176,                0.38642,                 1.9601,                 1.2035,                 2.1252,                0.00901,                0.00901,                0.00901
                     27,                 1.7557,                 1.2111,                 1.8327,                0.80321,                0.78924,                0.82159,                0.41181,                  1.779,                 1.1015,                 1.9639,              0.0089704,              0.0089704,              0.0089704
                     28,                 1.7348,                 1.1959,                 1.8247,                0.76826,                0.80403,                 0.8175,                0.40733,                 1.7096,                 1.1696,                 1.9219,              0.0089308,              0.0089308,              0.0089308
                     29,                 1.7281,                 1.1875,                 1.8154,                0.79197,                0.81344,                0.83484,                0.40769,                 1.7829,                 1.0807,                 1.9865,              0.0088912,              0.0088912,              0.0088912
                     30,                 1.7084,                 1.1396,                  1.778,                0.83161,                0.79961,                0.85031,                0.42373,                 1.6926,                 1.0532,                 1.8945,              0.0088516,              0.0088516,              0.0088516
                     31,                 1.7194,                 1.1578,                 1.8021,                0.88007,                0.82089,                0.86557,                0.42595,                 1.7775,                 1.0812,                  1.955,               0.008812,               0.008812,               0.008812
                     32,                 1.7054,                 1.1306,                 1.7797,                0.86688,                0.83302,                0.87041,                0.44244,                 1.6975,                  1.039,                 1.8989,              0.0087724,              0.0087724,              0.0087724
                     33,                 1.6994,                 1.1329,                 1.7825,                0.76876,                0.84609,                0.87076,                0.44557,                 1.7252,                 1.0624,                 1.8938,              0.0087328,              0.0087328,              0.0087328
                     34,                 1.7024,                 1.1316,                 1.7637,                0.85822,                0.84141,                0.88227,                0.46315,                  1.734,                 0.9773,                 1.9069,              0.0086932,              0.0086932,              0.0086932
                     35,                 1.6898,                 1.0762,                 1.7548,                0.84845,                0.81061,                0.85403,                0.45104,                 1.7096,                 1.0362,                 1.8535,              0.0086536,              0.0086536,              0.0086536
                     36,                 1.6919,                 1.1022,                   1.76,                0.91449,                0.82326,                 0.8951,                0.46706,                 1.7582,                0.96759,                 1.9296,               0.008614,               0.008614,               0.008614
                     37,                  1.686,                 1.0636,                 1.7413,                0.78624,                0.82056,                0.84424,                0.43842,                 1.7697,                 1.0446,                 1.9091,              0.0085744,              0.0085744,              0.0085744
                     38,                 1.6852,                 1.0873,                 1.7596,                0.86445,                0.84254,                0.88202,                0.46602,                 1.7368,                0.96781,                 1.8883,              0.0085348,              0.0085348,              0.0085348
                     39,                 1.6605,                 1.0585,                 1.7401,                0.86174,                0.85716,                 0.8995,                0.44197,                 1.7812,                0.98974,                 1.9505,              0.0084952,              0.0084952,              0.0084952
                     40,                 1.6728,                 1.0549,                 1.7322,                0.80047,                0.82228,                0.84784,                0.42744,                 1.7522,                 1.0542,                 1.8698,              0.0084556,              0.0084556,              0.0084556
                     41,                 1.6518,                 1.0335,                 1.7086,                0.86531,                0.83057,                0.86474,                0.44604,                 1.7429,                 1.0025,                 1.8665,               0.008416,               0.008416,               0.008416
                     42,                 1.6496,                 1.0421,                 1.7057,                0.84589,                0.85213,                0.90163,                0.47375,                  1.699,                0.94156,                 1.8846,              0.0083764,              0.0083764,              0.0083764
                     43,                 1.6239,                 1.0324,                 1.6974,                0.88706,                0.84579,                0.91985,                0.46603,                 1.6908,                0.91304,                 1.8547,              0.0083368,              0.0083368,              0.0083368
                     44,                 1.6318,                 1.0142,                 1.7016,                0.87177,                0.86137,                0.90116,                0.47872,                 1.6662,                0.89973,                 1.8178,              0.0082972,              0.0082972,              0.0082972
                     45,                 1.6101,                      1,                 1.6945,                  0.831,                0.87983,                0.85395,                0.45656,                 1.6022,                 1.0921,                 1.7976,              0.0082576,              0.0082576,              0.0082576
                     46,                 1.6307,                0.99777,                 1.6951,                0.84873,                0.88114,                0.86909,                0.45422,                 1.6815,                 1.0062,                 1.8439,               0.008218,               0.008218,               0.008218
                     47,                 1.6125,                0.99962,                 1.6731,                 0.8749,                0.87399,                0.91172,                0.49061,                 1.6296,                0.87851,                 1.7906,              0.0081784,              0.0081784,              0.0081784
                     48,                 1.6249,                0.97423,                  1.673,                0.91287,                0.88107,                0.91995,                0.48059,                 1.6899,                0.85849,                 1.8617,              0.0081388,              0.0081388,              0.0081388
                     49,                 1.6267,                 1.0076,                 1.6891,                0.92451,                0.88965,                0.92334,                0.49151,                 1.6742,                0.83695,                 1.8518,              0.0080992,              0.0080992,              0.0080992
                     50,                 1.6079,                0.96454,                 1.6626,                0.89767,                0.88069,                0.92346,                0.49685,                 1.6244,                0.88021,                 1.7796,              0.0080596,              0.0080596,              0.0080596
                     51,                 1.6104,                0.95382,                 1.6535,                0.84423,                0.83046,                 0.8346,                0.42312,                 1.7547,                 1.0503,                 1.8442,                0.00802,                0.00802,                0.00802
                     52,                 1.5877,                0.96159,                 1.6534,                 0.9109,                0.89963,                0.93282,                0.51204,                 1.6295,                0.83551,                 1.8001,              0.0079804,              0.0079804,              0.0079804
                     53,                 1.6054,                0.97256,                 1.6564,                0.93734,                 0.8828,                0.94145,                 0.5075,                 1.6792,                 0.8435,                  1.802,              0.0079408,              0.0079408,              0.0079408
                     54,                 1.5936,                0.96702,                 1.6566,                0.90603,                 0.8663,                0.91809,                0.49402,                 1.6919,                0.90329,                 1.8303,              0.0079012,              0.0079012,              0.0079012
                     55,                 1.6116,                0.97901,                 1.6687,                0.93014,                0.93035,                 0.9511,                0.51756,                 1.6541,                0.83896,                 1.8133,              0.0078616,              0.0078616,              0.0078616
                     56,                 1.5852,                0.95842,                 1.6468,                0.87673,                  0.845,                0.89287,                 0.4676,                 1.6795,                0.83276,                 1.8184,               0.007822,               0.007822,               0.007822
                     57,                  1.585,                0.94245,                 1.6256,                0.92764,                0.90336,                0.93723,                0.51677,                 1.5883,                0.80149,                 1.7579,              0.0077824,              0.0077824,              0.0077824
                     58,                 1.5682,                0.94192,                 1.6264,                0.89219,                0.89428,                0.90476,                0.49307,                 1.6274,                0.87143,                 1.7947,              0.0077428,              0.0077428,              0.0077428
                     59,                  1.579,                0.95661,                 1.6402,                0.90474,                0.91484,                0.94012,                0.50999,                 1.6206,                0.81192,                 1.7933,              0.0077032,              0.0077032,              0.0077032
                     60,                 1.5747,                0.94145,                  1.644,                0.93033,                0.92158,                0.95807,                 0.5169,                 1.6364,                  0.799,                 1.7793,              0.0076636,              0.0076636,              0.0076636
                     61,                  1.561,                  0.923,                 1.6257,                0.94657,                0.91835,                0.96325,                0.52068,                  1.626,                0.77093,                  1.785,               0.007624,               0.007624,               0.007624
                     62,                 1.5449,                0.90593,                 1.6098,                0.94469,                0.91022,                 0.9452,                0.50006,                 1.6742,                0.79656,                 1.8277,              0.0075844,              0.0075844,              0.0075844
                     63,                 1.5584,                0.91033,                   1.63,                0.93854,                0.89147,                0.94438,                 0.5009,                 1.6636,                0.81387,                 1.7893,              0.0075448,              0.0075448,              0.0075448
                     64,                 1.5577,                0.90693,                 1.6188,                0.90048,                0.90724,                0.91978,                0.49726,                 1.6396,                0.79013,                 1.7914,              0.0075052,              0.0075052,              0.0075052
                     65,                 1.5677,                0.91792,                 1.6188,                0.90236,                0.89861,                0.92372,                0.49821,                 1.6092,                0.77894,                 1.7768,              0.0074656,              0.0074656,              0.0074656
                     66,                 1.5497,                0.90745,                 1.6221,                0.94456,                0.92702,                0.95801,                0.52068,                 1.6327,                0.77451,                 1.7981,               0.007426,               0.007426,               0.007426
                     67,                 1.5461,                0.88973,                  1.611,                0.94221,                0.90358,                0.94005,                0.50684,                 1.6469,                0.79458,                 1.8175,              0.0073864,              0.0073864,              0.0073864
                     68,                 1.5578,                0.89856,                 1.6095,                0.87288,                0.88082,                0.91327,                0.49192,                  1.692,                0.90158,                 1.7938,              0.0073468,              0.0073468,              0.0073468
                     69,                 1.5302,                0.89323,                 1.6045,                0.94039,                0.93186,                0.95338,                0.52782,                 1.5925,                0.76882,                 1.7565,              0.0073072,              0.0073072,              0.0073072
                     70,                 1.5234,                0.87091,                 1.5762,                0.92161,                0.91558,                0.93533,                0.50498,                 1.6309,                0.76074,                 1.7569,              0.0072676,              0.0072676,              0.0072676
                     71,                 1.5375,                0.87853,                 1.5933,                0.93643,                0.89675,                0.93385,                0.50085,                   1.63,                0.77182,                 1.7649,               0.007228,               0.007228,               0.007228
                     72,                 1.5217,                0.86977,                 1.5727,                 0.9338,                0.87342,                0.93041,                0.49884,                 1.6433,                0.81319,                 1.7783,              0.0071884,              0.0071884,              0.0071884
                     73,                 1.5231,                0.84921,                 1.5718,                0.94349,                0.92569,                0.95184,                0.52359,                 1.6158,                 0.7416,                 1.7537,              0.0071488,              0.0071488,              0.0071488
                     74,                  1.537,                0.87485,                 1.5942,                0.94205,                0.93093,                0.95645,                0.50995,                 1.5975,                0.76548,                 1.7593,              0.0071092,              0.0071092,              0.0071092
                     75,                 1.5132,                0.86933,                 1.5657,                0.91208,                0.86444,                0.92353,                0.49105,                 1.6678,                0.81975,                 1.7929,              0.0070696,              0.0070696,              0.0070696
                     76,                 1.5359,                0.87961,                 1.5792,                0.94242,                0.94151,                0.94986,                0.52389,                 1.5926,                0.74174,                 1.7343,                0.00703,                0.00703,                0.00703
                     77,                 1.5019,                0.84794,                 1.5741,                0.94607,                0.92324,                 0.9513,                0.52691,                 1.6232,                 0.7514,                 1.7515,              0.0069904,              0.0069904,              0.0069904
                     78,                 1.5148,                0.87111,                 1.5896,                0.95941,                 0.9286,                0.96488,                0.52959,                 1.6216,                0.76147,                 1.7443,              0.0069508,              0.0069508,              0.0069508
                     79,                 1.5173,                0.85753,                 1.5705,                0.92456,                0.92059,                0.93801,                0.50688,                 1.6423,                0.78095,                  1.772,              0.0069112,              0.0069112,              0.0069112
                     80,                 1.4833,                0.84074,                 1.5685,                0.91623,                 0.9113,                0.93357,                0.51037,                 1.6327,                 0.7662,                 1.7715,              0.0068716,              0.0068716,              0.0068716
                     81,                 1.5107,                0.82668,                 1.5642,                 0.9454,                0.92309,                0.94632,                0.54177,                 1.6064,                0.74402,                 1.7467,               0.006832,               0.006832,               0.006832
                     82,                 1.4991,                0.86162,                 1.5725,                0.93383,                0.91049,                0.94788,                0.52825,                 1.5935,                0.73867,                 1.7493,              0.0067924,              0.0067924,              0.0067924
                     83,                 1.5011,                0.83748,                 1.5655,                0.94098,                0.93036,                0.94845,                0.53023,                 1.6328,                0.72308,                 1.7589,              0.0067528,              0.0067528,              0.0067528
                     84,                  1.518,                0.85675,                 1.5678,                0.94913,                0.94356,                0.96246,                0.51189,                 1.5928,                0.74796,                 1.7565,              0.0067132,              0.0067132,              0.0067132
                     85,                 1.4901,                0.83532,                 1.5494,                0.93944,                0.94089,                0.96188,                0.53548,                 1.5816,                0.71544,                 1.7334,              0.0066736,              0.0066736,              0.0066736
                     86,                  1.484,                0.83478,                 1.5666,                0.94949,                0.92995,                0.96024,                0.53028,                 1.5543,                0.74269,                 1.7161,               0.006634,               0.006634,               0.006634
                     87,                  1.484,                0.83549,                 1.5488,                0.94314,                0.93379,                0.96536,                0.53614,                 1.5778,                0.73199,                 1.7372,              0.0065944,              0.0065944,              0.0065944
                     88,                 1.4929,                0.83496,                 1.5501,                0.94615,                0.91838,                0.94896,                0.52556,                 1.6152,                0.73341,                 1.7503,              0.0065548,              0.0065548,              0.0065548
                     89,                 1.4755,                0.82262,                 1.5552,                0.94985,                0.93262,                 0.9568,                0.53923,                 1.5919,                0.71946,                 1.7333,              0.0065152,              0.0065152,              0.0065152
                     90,                 1.4896,                 0.8187,                 1.5519,                0.92911,                0.93135,                0.94912,                0.52854,                 1.6282,                 0.7289,                 1.7603,              0.0064756,              0.0064756,              0.0064756
                     91,                 1.4935,                0.82572,                 1.5566,                0.93252,                0.93724,                0.95121,                 0.5382,                 1.5731,                0.70851,                 1.6905,               0.006436,               0.006436,               0.006436
                     92,                 1.5055,                0.83903,                 1.5635,                0.94724,                0.93991,                0.95833,                0.52447,                 1.5883,                0.73901,                 1.7265,              0.0063964,              0.0063964,              0.0063964
                     93,                 1.4809,                0.82368,                 1.5418,                0.92806,                0.93565,                0.96052,                0.53201,                 1.6097,                0.70915,                 1.7398,              0.0063568,              0.0063568,              0.0063568
                     94,                 1.4893,                0.83123,                  1.559,                0.94038,                0.93627,                0.95063,                0.52524,                 1.6443,                0.74065,                 1.7935,              0.0063172,              0.0063172,              0.0063172
                     95,                 1.4797,                0.81382,                 1.5421,                0.95791,                 0.9334,                0.95969,                0.54391,                 1.5505,                0.70738,                 1.7157,              0.0062776,              0.0062776,              0.0062776
                     96,                 1.4774,                0.82216,                 1.5468,                0.93615,                0.93162,                0.95744,                0.53782,                 1.5881,                0.70501,                 1.7197,               0.006238,               0.006238,               0.006238
                     97,                 1.4598,                0.80767,                 1.5365,                0.92387,                0.93745,                0.95478,                0.53354,                 1.5958,                0.71133,                 1.7448,              0.0061984,              0.0061984,              0.0061984
                     98,                 1.4568,                0.80705,                  1.528,                0.93353,                0.92758,                0.94411,                0.53294,                 1.5528,                0.70033,                 1.7046,              0.0061588,              0.0061588,              0.0061588
                     99,                 1.4786,                0.81808,                 1.5335,                0.94427,                0.91939,                0.95385,                 0.5251,                 1.6253,                0.73008,                 1.7738,              0.0061192,              0.0061192,              0.0061192
                    100,                 1.4597,                0.80208,                 1.5206,                0.93699,                0.93497,                0.95482,                0.53002,                 1.5833,                 0.7048,                 1.7433,              0.0060796,              0.0060796,              0.0060796
                    101,                  1.475,                0.80192,                 1.5451,                 0.9147,                0.94768,                0.95357,                0.54429,                 1.5686,                0.67884,                 1.7178,                0.00604,                0.00604,                0.00604
                    102,                 1.4575,                0.80999,                 1.5265,                0.95256,                0.92041,                0.96026,                0.53971,                 1.5702,                 0.7192,                 1.7179,              0.0060004,              0.0060004,              0.0060004
                    103,                 1.4546,                0.80699,                 1.5263,                0.93528,                0.93238,                0.95489,                0.53641,                 1.5612,                0.71143,                  1.733,              0.0059608,              0.0059608,              0.0059608
                    104,                 1.4612,                0.80234,                 1.5277,                0.92909,                0.94687,                0.96229,                0.53678,                 1.5681,                0.70886,                 1.7079,              0.0059212,              0.0059212,              0.0059212
                    105,                 1.4516,                0.79105,                 1.5297,                0.96202,                0.93341,                0.95759,                0.54179,                 1.5953,                0.67956,                 1.7227,              0.0058816,              0.0058816,              0.0058816
                    106,                 1.4491,                0.79126,                 1.5197,                 0.9394,                0.94787,                0.96132,                0.54254,                 1.6155,                0.71807,                 1.7293,               0.005842,               0.005842,               0.005842
                    107,                 1.4456,                0.78703,                 1.5052,                0.91525,                0.94807,                0.95667,                0.54748,                  1.606,                0.70428,                 1.7396,              0.0058024,              0.0058024,              0.0058024
                    108,                 1.4473,                 0.7867,                  1.506,                0.93634,                0.94334,                0.96061,                0.53767,                  1.607,                0.70927,                 1.7329,              0.0057628,              0.0057628,              0.0057628
                    109,                 1.4421,                0.78721,                 1.5058,                0.93305,                 0.9385,                0.94829,                0.53194,                 1.5698,                0.70563,                 1.7132,              0.0057232,              0.0057232,              0.0057232
                    110,                 1.4377,                0.77743,                 1.5176,                0.94637,                0.95164,                0.96732,                  0.548,                 1.5553,                0.67502,                 1.6971,              0.0056836,              0.0056836,              0.0056836
                    111,                 1.4463,                0.78939,                 1.5011,                0.93342,                0.95627,                0.96369,                 0.5444,                  1.577,                0.69035,                 1.7219,               0.005644,               0.005644,               0.005644
                    112,                 1.4506,                0.77083,                 1.5059,                0.93473,                0.94695,                0.95682,                 0.5438,                 1.5901,                0.68802,                 1.7302,              0.0056044,              0.0056044,              0.0056044
                    113,                  1.427,                 0.7803,                 1.5076,                0.96244,                0.95051,                0.96558,                0.53294,                 1.6156,                0.66608,                  1.755,              0.0055648,              0.0055648,              0.0055648
                    114,                 1.4197,                0.76698,                 1.5086,                 0.8815,                0.92662,                0.89107,                0.50232,                 1.6113,                0.75278,                  1.741,              0.0055252,              0.0055252,              0.0055252
                    115,                  1.428,                 0.7745,                 1.5097,                0.94918,                0.94729,                 0.9669,                0.55395,                 1.5554,                0.68175,                 1.7064,              0.0054856,              0.0054856,              0.0054856
                    116,                 1.4314,                0.77338,                 1.5021,                0.94202,                0.93842,                0.96439,                0.54046,                 1.5737,                0.70465,                 1.7328,               0.005446,               0.005446,               0.005446
                    117,                  1.422,                0.77384,                 1.4998,                0.93538,                0.94467,                0.95669,                0.54386,                 1.5986,                0.67383,                 1.7398,              0.0054064,              0.0054064,              0.0054064
                    118,                 1.4298,                0.76824,                 1.4954,                0.93987,                0.96419,                0.96973,                  0.545,                 1.5857,                0.66716,                 1.7459,              0.0053668,              0.0053668,              0.0053668
                    119,                 1.4354,                0.77756,                 1.4935,                0.93427,                0.95986,                0.95368,                0.54696,                 1.5947,                0.69269,                 1.7307,              0.0053272,              0.0053272,              0.0053272
                    120,                 1.4338,                0.76721,                 1.4977,                0.95805,                0.95191,                 0.9657,                0.54904,                 1.5753,                0.67194,                 1.7309,              0.0052876,              0.0052876,              0.0052876
                    121,                 1.4163,                0.76364,                 1.4845,                0.95018,                0.95738,                0.95887,                 0.5465,                 1.5542,                0.67632,                 1.7087,               0.005248,               0.005248,               0.005248
                    122,                  1.446,                0.76807,                 1.5093,                0.95581,                0.93788,                0.95694,                 0.5506,                 1.5539,                0.66665,                 1.6914,              0.0052084,              0.0052084,              0.0052084
                    123,                 1.4346,                0.78403,                 1.5205,                0.96156,                0.94882,                0.96105,                0.55006,                 1.5781,                0.67001,                  1.719,              0.0051688,              0.0051688,              0.0051688
                    124,                 1.4171,                0.75901,                 1.5008,                0.94896,                0.93741,                0.96834,                0.54638,                   1.57,                0.68427,                  1.727,              0.0051292,              0.0051292,              0.0051292
                    125,                 1.4243,                0.77958,                 1.4951,                0.95083,                0.93903,                0.96383,                0.52669,                 1.6061,                 0.7032,                 1.7593,              0.0050896,              0.0050896,              0.0050896
                    126,                 1.4128,                0.75146,                 1.4934,                0.93481,                0.93395,                0.95945,                0.55807,                 1.5621,                 0.6772,                  1.704,                0.00505,                0.00505,                0.00505
                    127,                 1.4179,                0.76392,                 1.4851,                0.96957,                0.96392,                0.97002,                0.54089,                 1.6311,                0.67063,                 1.7761,              0.0050104,              0.0050104,              0.0050104
                    128,                  1.406,                0.75558,                 1.4789,                0.94886,                0.96074,                0.96983,                 0.5539,                  1.561,                0.65986,                 1.7132,              0.0049708,              0.0049708,              0.0049708
                    129,                 1.4082,                0.76311,                  1.498,                0.95531,                0.95982,                0.96237,                0.54572,                 1.5835,                  0.662,                 1.7343,              0.0049312,              0.0049312,              0.0049312
                    130,                 1.4002,                0.75011,                 1.4868,                0.93128,                0.93926,                0.95008,                0.53816,                 1.5881,                 0.6566,                 1.7429,              0.0048916,              0.0048916,              0.0048916
                    131,                 1.3952,                0.75691,                 1.4789,                0.95037,                0.94928,                0.95471,                0.55028,                 1.5969,                0.67238,                 1.7325,               0.004852,               0.004852,               0.004852
                    132,                 1.4066,                0.75368,                 1.4791,                0.96413,                0.95231,                0.96415,                0.54846,                 1.5462,                0.67356,                 1.7011,              0.0048124,              0.0048124,              0.0048124
                    133,                  1.394,                0.75916,                 1.4802,                0.95641,                0.95063,                 0.9618,                0.54024,                 1.5945,                0.67572,                 1.7312,              0.0047728,              0.0047728,              0.0047728
                    134,                 1.3822,                0.74262,                 1.4566,                0.94432,                0.93691,                0.96219,                0.54745,                 1.5855,                0.66697,                 1.7463,              0.0047332,              0.0047332,              0.0047332
                    135,                 1.3939,                0.73997,                 1.4666,                 0.9402,                0.95043,                 0.9574,                0.54197,                  1.596,                0.66653,                 1.7684,              0.0046936,              0.0046936,              0.0046936
                    136,                 1.3831,                0.73326,                 1.4649,                0.94506,                0.94627,                0.96578,                0.55011,                 1.5768,                0.67062,                 1.7286,               0.004654,               0.004654,               0.004654
                    137,                  1.407,                 0.7493,                 1.4978,                0.97144,                0.95054,                0.96382,                0.55319,                 1.5742,                0.65025,                 1.7002,              0.0046144,              0.0046144,              0.0046144
                    138,                 1.3921,                0.73789,                 1.4933,                0.95357,                0.95259,                0.95212,                 0.5519,                 1.5687,                 0.6628,                 1.7111,              0.0045748,              0.0045748,              0.0045748
                    139,                 1.3987,                0.75152,                 1.4841,                0.94886,                0.94685,                0.96153,                0.54253,                 1.5945,                0.68701,                 1.7462,              0.0045352,              0.0045352,              0.0045352
                    140,                 1.3803,                0.73213,                 1.4791,                0.94782,                 0.9498,                0.96493,                0.55232,                 1.5722,                0.66279,                 1.7364,              0.0044956,              0.0044956,              0.0044956
                    141,                 1.4072,                0.75432,                 1.4793,                 0.9529,                0.95491,                 0.9563,                0.53482,                 1.6228,                0.65791,                 1.7822,               0.004456,               0.004456,               0.004456
                    142,                 1.3839,                0.72352,                 1.4587,                0.95647,                0.95097,                0.96119,                 0.5414,                 1.5865,                 0.6546,                 1.7231,              0.0044164,              0.0044164,              0.0044164
                    143,                 1.3892,                0.72911,                 1.4778,                0.94069,                0.95338,                0.96218,                0.54808,                 1.5836,                0.65488,                 1.7427,              0.0043768,              0.0043768,              0.0043768
                    144,                  1.392,                0.73963,                 1.4752,                0.95818,                0.94455,                0.95805,                0.54723,                 1.5723,                0.66349,                 1.7285,              0.0043372,              0.0043372,              0.0043372
                    145,                 1.3941,                0.73002,                 1.4662,                0.96225,                0.95583,                0.96136,                0.55125,                  1.599,                0.64056,                 1.7569,              0.0042976,              0.0042976,              0.0042976
                    146,                 1.3679,                0.72999,                 1.4658,                0.95448,                0.95369,                 0.9624,                0.55349,                 1.5704,                0.63997,                  1.729,               0.004258,               0.004258,               0.004258
                    147,                 1.3835,                0.73633,                 1.4567,                0.95625,                0.95106,                0.96397,                0.55165,                  1.575,                0.67332,                 1.7227,              0.0042184,              0.0042184,              0.0042184
                    148,                 1.3796,                0.72844,                 1.4512,                0.96243,                 0.9584,                0.95877,                0.54945,                 1.5967,                0.63958,                 1.7326,              0.0041788,              0.0041788,              0.0041788
                    149,                 1.3764,                0.73633,                 1.4693,                0.95444,                 0.9457,                0.95019,                0.54234,                  1.584,                0.67517,                 1.7263,              0.0041392,              0.0041392,              0.0041392
                    150,                 1.3744,                0.70635,                 1.4632,                0.95333,                0.93782,                0.95165,                 0.5473,                 1.5984,                0.67151,                 1.7484,              0.0040996,              0.0040996,              0.0040996
                    151,                 1.3709,                0.71762,                 1.4445,                0.95696,                0.96449,                0.97448,                0.55184,                  1.577,                0.65606,                 1.7206,                0.00406,                0.00406,                0.00406
                    152,                 1.3828,                0.72385,                 1.4609,                0.96614,                0.95945,                0.97274,                0.55036,                 1.5906,                0.63687,                 1.7411,              0.0040204,              0.0040204,              0.0040204
                    153,                 1.3685,                 0.7331,                 1.4715,                 0.9648,                0.94947,                0.96765,                0.54325,                 1.5833,                0.66913,                 1.7317,              0.0039808,              0.0039808,              0.0039808
                    154,                 1.3602,                0.71317,                 1.4581,                0.97028,                0.95107,                0.96972,                 0.5507,                 1.5821,                0.64171,                 1.7443,              0.0039412,              0.0039412,              0.0039412
                    155,                 1.3613,                0.71544,                 1.4403,                0.96268,                0.97569,                0.98051,                0.54909,                 1.5761,                0.64012,                 1.7394,              0.0039016,              0.0039016,              0.0039016
                    156,                 1.3723,                0.71509,                 1.4634,                 0.9544,                0.95801,                0.96111,                0.54777,                 1.5908,                0.65591,                 1.7272,               0.003862,               0.003862,               0.003862
                    157,                 1.3752,                0.72487,                 1.4589,                0.96431,                0.96411,                0.97098,                0.55491,                 1.5812,                0.65281,                 1.7181,              0.0038224,              0.0038224,              0.0038224
                    158,                 1.3496,                0.71244,                 1.4574,                0.96337,                0.96459,                0.96948,                0.56466,                 1.5555,                0.64401,                 1.7069,              0.0037828,              0.0037828,              0.0037828
                    159,                 1.3567,                0.72255,                  1.449,                 0.9581,                0.95988,                0.96655,                0.56227,                  1.572,                0.63668,                 1.7206,              0.0037432,              0.0037432,              0.0037432
                    160,                 1.3594,                 0.7125,                 1.4438,                 0.9528,                0.95816,                0.96111,                0.55638,                 1.5559,                0.63622,                 1.7294,              0.0037036,              0.0037036,              0.0037036
                    161,                 1.3589,                0.70964,                 1.4461,                0.96252,                0.96365,                0.97112,                0.56085,                 1.5705,                0.64004,                 1.7307,               0.003664,               0.003664,               0.003664
                    162,                 1.3626,                0.72076,                 1.4469,                  0.971,                0.96135,                0.96463,                0.54696,                 1.5774,                 0.6427,                 1.7294,              0.0036244,              0.0036244,              0.0036244
                    163,                 1.3441,                0.70563,                 1.4398,                0.96263,                0.96778,                0.96811,                0.55241,                  1.562,                0.63276,                 1.7198,              0.0035848,              0.0035848,              0.0035848
                    164,                 1.3449,                0.69834,                 1.4329,                0.94412,                0.96255,                0.96392,                0.54733,                 1.5929,                0.65366,                 1.7512,              0.0035452,              0.0035452,              0.0035452
                    165,                 1.3401,                0.70919,                 1.4384,                0.95298,                0.95828,                 0.9606,                0.55506,                 1.5614,                0.65928,                 1.7373,              0.0035056,              0.0035056,              0.0035056
                    166,                 1.3467,                0.71696,                 1.4331,                0.96818,                0.95822,                0.96459,                0.56782,                 1.5629,                0.63133,                 1.7329,               0.003466,               0.003466,               0.003466
                    167,                 1.3371,                0.71099,                 1.4404,                0.96468,                0.96218,                0.96849,                0.55901,                 1.5985,                0.64228,                 1.7624,              0.0034264,              0.0034264,              0.0034264
                    168,                   1.34,                0.70219,                 1.4295,                0.94971,                0.96294,                 0.9645,                 0.5623,                 1.5642,                0.62978,                 1.7362,              0.0033868,              0.0033868,              0.0033868
                    169,                 1.3392,                0.70541,                  1.434,                0.94613,                0.95743,                0.96141,                0.55805,                  1.561,                0.63465,                 1.7328,              0.0033472,              0.0033472,              0.0033472
                    170,                 1.3626,                0.70026,                 1.4525,                0.95152,                0.95352,                0.95583,                0.55596,                 1.5588,                0.62218,                 1.7206,              0.0033076,              0.0033076,              0.0033076
                    171,                 1.3497,                0.70531,                 1.4359,                0.94916,                0.95338,                0.95454,                0.54293,                 1.5783,                0.64403,                 1.7339,               0.003268,               0.003268,               0.003268
                    172,                 1.3212,                0.68547,                 1.4129,                0.95801,                0.95749,                0.95954,                0.55024,                 1.5724,                0.63997,                 1.7348,              0.0032284,              0.0032284,              0.0032284
                    173,                 1.3306,                0.68462,                 1.4306,                0.95401,                0.94946,                0.96332,                0.55034,                  1.604,                0.64375,                 1.7608,              0.0031888,              0.0031888,              0.0031888
                    174,                 1.3466,                0.69855,                 1.4309,                0.95827,                0.96288,                0.95941,                0.55586,                 1.5815,                0.63661,                  1.737,              0.0031492,              0.0031492,              0.0031492
                    175,                 1.3341,                0.70649,                 1.4367,                0.94947,                0.94805,                0.95078,                0.55302,                 1.6073,                0.64224,                 1.7593,              0.0031096,              0.0031096,              0.0031096
                    176,                 1.3361,                0.69461,                 1.4367,                0.95458,                0.95943,                0.95891,                0.55071,                 1.5806,                0.64229,                 1.7414,                0.00307,                0.00307,                0.00307
                    177,                 1.3041,                0.68568,                 1.4192,                0.95476,                0.96061,                0.96417,                0.54796,                 1.5899,                0.63293,                 1.7498,              0.0030304,              0.0030304,              0.0030304
                    178,                 1.3329,                0.70251,                 1.4376,                0.96299,                0.95583,                0.96232,                0.55267,                 1.5935,                0.64988,                 1.7542,              0.0029908,              0.0029908,              0.0029908
                    179,                 1.3361,                0.69306,                 1.4131,                0.95262,                0.95424,                0.96117,                0.56197,                 1.5717,                0.63041,                 1.7481,              0.0029512,              0.0029512,              0.0029512
                    180,                 1.3182,                0.68296,                 1.4155,                0.97192,                0.95885,                0.97562,                0.55672,                 1.5887,                0.63592,                 1.7524,              0.0029116,              0.0029116,              0.0029116
                    181,                 1.3195,                0.69063,                 1.4151,                 0.9593,                0.95798,                0.96241,                0.56102,                 1.5852,                0.62986,                   1.74,               0.002872,               0.002872,               0.002872
                    182,                 1.3142,                0.68758,                 1.4233,                 0.9586,                0.95969,                0.96801,                0.55631,                 1.5839,                0.64414,                  1.742,              0.0028324,              0.0028324,              0.0028324
                    183,                 1.3226,                0.68948,                 1.4074,                0.95914,                0.95156,                0.95963,                0.55486,                 1.5783,                0.64927,                 1.7411,              0.0027928,              0.0027928,              0.0027928
                    184,                 1.3232,                 0.6809,                 1.4238,                0.95796,                0.94929,                0.95904,                0.54815,                  1.588,                0.65623,                 1.7508,              0.0027532,              0.0027532,              0.0027532
                    185,                 1.3099,                0.67405,                 1.4152,                0.96474,                0.95711,                0.96983,                0.55556,                 1.5615,                0.61887,                 1.7206,              0.0027136,              0.0027136,              0.0027136
                    186,                 1.3094,                 0.6921,                 1.4253,                 0.9592,                0.95479,                0.95293,                 0.5515,                 1.5674,                0.63777,                 1.7262,               0.002674,               0.002674,               0.002674
                    187,                 1.3031,                0.68112,                 1.4209,                0.97045,                0.96937,                0.97693,                0.55916,                 1.5729,                0.63164,                 1.7245,              0.0026344,              0.0026344,              0.0026344
                    188,                 1.2994,                 0.6703,                 1.3998,                0.97208,                0.97501,                0.97587,                0.56535,                  1.544,                0.64756,                 1.7129,              0.0025948,              0.0025948,              0.0025948
                    189,                 1.3025,                0.67839,                 1.4113,                0.96569,                 0.9679,                0.97314,                0.55266,                 1.5641,                0.64356,                 1.7178,              0.0025552,              0.0025552,              0.0025552
                    190,                 1.2978,                0.67943,                  1.401,                0.96946,                0.96402,                0.97001,                0.56258,                 1.5471,                 0.6153,                 1.7142,              0.0025156,              0.0025156,              0.0025156
                    191,                 1.2992,                0.68358,                 1.4031,                0.96642,                0.96094,                0.96983,                0.56305,                 1.5524,                0.63475,                 1.7159,               0.002476,               0.002476,               0.002476
                    192,                 1.2986,                0.67568,                  1.409,                0.96548,                0.96533,                0.96563,                0.56535,                 1.5505,                0.62665,                 1.7212,              0.0024364,              0.0024364,              0.0024364
                    193,                 1.2743,                0.67077,                 1.4137,                0.95667,                0.95491,                0.95932,                 0.5635,                 1.5567,                0.63046,                 1.7372,              0.0023968,              0.0023968,              0.0023968
                    194,                 1.3007,                0.68909,                 1.4242,                0.95963,                0.96128,                0.96377,                0.55259,                 1.5785,                0.63641,                  1.753,              0.0023572,              0.0023572,              0.0023572
                    195,                 1.3075,                0.68201,                 1.4072,                0.95794,                0.96794,                0.96338,                0.55536,                 1.5536,                0.62005,                 1.7264,              0.0023176,              0.0023176,              0.0023176
                    196,                 1.2931,                 0.6695,                 1.4065,                0.95712,                0.95725,                0.96229,                0.55563,                 1.5721,                0.61633,                 1.7306,               0.002278,               0.002278,               0.002278
                    197,                 1.2764,                0.66893,                 1.3966,                0.96635,                0.96331,                0.96686,                 0.5608,                  1.574,                 0.6248,                 1.7414,              0.0022384,              0.0022384,              0.0022384
                    198,                 1.2941,                0.67112,                 1.4156,                0.97527,                0.96907,                0.97125,                0.55599,                 1.5787,                0.62986,                 1.7427,              0.0021988,              0.0021988,              0.0021988
                    199,                 1.2806,                0.67437,                 1.3919,                  0.971,                0.95743,                0.96723,                 0.5537,                 1.5768,                0.62693,                 1.7416,              0.0021592,              0.0021592,              0.0021592
                    200,                 1.2957,                0.67142,                 1.4165,                0.97084,                0.95726,                0.97093,                0.55618,                 1.5858,                0.63484,                 1.7557,              0.0021196,              0.0021196,              0.0021196
                    201,                 1.3043,                 0.6797,                 1.4074,                0.97893,                0.96997,                0.97869,                0.56037,                 1.5817,                0.62463,                 1.7502,                0.00208,                0.00208,                0.00208
                    202,                 1.2699,                0.66039,                 1.3981,                0.96348,                0.96851,                0.96426,                0.55628,                 1.5765,                0.62392,                 1.7458,              0.0020404,              0.0020404,              0.0020404
                    203,                 1.2868,                0.67184,                 1.3926,                 0.9633,                0.96386,                0.97316,                 0.5622,                 1.5692,                0.62683,                 1.7365,              0.0020008,              0.0020008,              0.0020008
                    204,                 1.2955,                0.67093,                  1.405,                0.96014,                0.96288,                0.96058,                0.55703,                 1.5961,                0.62317,                 1.7442,              0.0019612,              0.0019612,              0.0019612
                    205,                 1.2705,                0.65925,                 1.3888,                0.97127,                0.96619,                 0.9715,                0.55757,                 1.5912,                0.62381,                 1.7545,              0.0019216,              0.0019216,              0.0019216
                    206,                 1.2761,                 0.6587,                 1.4089,                0.96544,                0.95882,                0.95757,                0.55173,                 1.6115,                0.62746,                 1.7798,               0.001882,               0.001882,               0.001882
                    207,                 1.2812,                0.67016,                 1.3788,                0.96384,                0.96288,                0.96037,                0.55472,                 1.6241,                0.61227,                 1.7805,              0.0018424,              0.0018424,              0.0018424
                    208,                 1.2769,                0.66413,                 1.3888,                0.96259,                0.96023,                0.96381,                0.55264,                 1.6013,                 0.6138,                 1.7694,              0.0018028,              0.0018028,              0.0018028
                    209,                 1.2648,                0.64962,                 1.3792,                0.96551,                0.95995,                0.96481,                0.55165,                 1.5871,                0.61084,                 1.7571,              0.0017632,              0.0017632,              0.0017632
                    210,                 1.2696,                0.65695,                 1.3837,                0.96176,                0.96344,                0.96649,                0.55184,                 1.5643,                0.62126,                 1.7409,              0.0017236,              0.0017236,              0.0017236
                    211,                 1.2727,                0.64963,                 1.3786,                0.96314,                0.96011,                0.96004,                 0.5519,                 1.5783,                  0.608,                 1.7451,               0.001684,               0.001684,               0.001684
                    212,                 1.2733,                 0.6572,                 1.3936,                0.96338,                0.95902,                0.95799,                0.55542,                  1.574,                0.61126,                 1.7431,              0.0016444,              0.0016444,              0.0016444
                    213,                 1.2933,                0.66592,                 1.4101,                 0.9626,                0.96306,                0.96442,                0.55708,                 1.5787,                0.61025,                 1.7336,              0.0016048,              0.0016048,              0.0016048
                    214,                 1.2589,                0.65818,                 1.3754,                0.96494,                0.96692,                0.96506,                0.55495,                 1.5711,                0.60939,                 1.7416,              0.0015652,              0.0015652,              0.0015652
                    215,                 1.2453,                0.63164,                 1.3692,                 0.9719,                0.96619,                 0.9698,                0.54878,                 1.5912,                0.61298,                 1.7606,              0.0015256,              0.0015256,              0.0015256
                    216,                 1.2721,                0.65689,                 1.4005,                   0.97,                0.96533,                0.96264,                0.55097,                 1.5778,                0.61354,                 1.7621,               0.001486,               0.001486,               0.001486
                    217,                  1.262,                 0.6568,                 1.3781,                0.97058,                0.96937,                0.96786,                0.54886,                 1.5917,                0.62556,                 1.7648,              0.0014464,              0.0014464,              0.0014464
                    218,                 1.2724,                0.66212,                 1.3818,                0.95945,                0.95841,                0.95763,                0.55248,                 1.5755,                0.60947,                 1.7555,              0.0014068,              0.0014068,              0.0014068
                    219,                 1.2428,                0.64404,                 1.3644,                 0.9613,                0.96117,                0.96531,                0.55601,                  1.578,                  0.615,                 1.7531,              0.0013672,              0.0013672,              0.0013672
                    220,                 1.2494,                0.65065,                 1.3696,                0.95298,                0.96134,                0.96476,                0.56168,                 1.5872,                0.61347,                 1.7559,              0.0013276,              0.0013276,              0.0013276
                    221,                 1.2596,                0.65423,                  1.372,                0.96884,                0.96692,                0.96774,                0.55627,                 1.6037,                0.61859,                 1.7746,               0.001288,               0.001288,               0.001288
                    222,                 1.2535,                0.64489,                 1.3762,                 0.9734,                0.96781,                0.97262,                0.56215,                 1.5542,                0.60388,                 1.7336,              0.0012484,              0.0012484,              0.0012484
                    223,                 1.2543,                 0.6463,                 1.3807,                0.96938,                0.96784,                0.97025,                 0.5602,                 1.5678,                0.61208,                 1.7446,              0.0012088,              0.0012088,              0.0012088
                    224,                 1.2496,                0.64518,                 1.3716,                0.96745,                0.96551,                0.97014,                0.56053,                 1.5657,                0.61649,                 1.7485,              0.0011692,              0.0011692,              0.0011692
                    225,                 1.2422,                0.64115,                 1.3601,                0.96741,                0.96476,                0.97381,                0.55831,                 1.5778,                0.61089,                 1.7564,              0.0011296,              0.0011296,              0.0011296
                    226,                 1.2576,                0.65234,                 1.3812,                0.97583,                0.95782,                0.97259,                0.55825,                 1.5629,                0.61009,                 1.7563,                0.00109,                0.00109,                0.00109
                    227,                 1.2372,                0.64592,                 1.3766,                0.96786,                0.96201,                0.96694,                0.55761,                 1.5654,                0.61566,                 1.7567,              0.0010504,              0.0010504,              0.0010504
                    228,                 1.2622,                0.65422,                 1.3833,                0.96813,                0.96864,                0.96681,                0.55917,                 1.5679,                0.61435,                 1.7617,              0.0010108,              0.0010108,              0.0010108
                    229,                 1.2675,                0.65336,                 1.3863,                0.97441,                0.96778,                0.96946,                0.55919,                 1.5683,                0.61216,                 1.7579,              0.0009712,              0.0009712,              0.0009712
                    230,                 1.2647,                0.65482,                 1.3909,                0.96533,                 0.9622,                0.96484,                0.55819,                 1.5604,                0.61584,                 1.7586,              0.0009316,              0.0009316,              0.0009316
                    231,                 1.2529,                0.64528,                 1.3789,                0.97011,                0.96597,                 0.9668,                0.56158,                  1.557,                0.60969,                  1.743,               0.000892,               0.000892,               0.000892
                    232,                 1.2463,                0.65168,                 1.3715,                0.96622,                0.96061,                0.96277,                0.55826,                 1.5664,                0.60436,                  1.751,              0.0008524,              0.0008524,              0.0008524
                    233,                 1.2414,                0.64866,                 1.3754,                0.97078,                0.96533,                0.96785,                0.55977,                 1.5754,                0.60547,                 1.7615,              0.0008128,              0.0008128,              0.0008128
                    234,                 1.2579,                0.64964,                 1.3691,                 0.9678,                0.96599,                0.96502,                0.55778,                 1.5725,                0.60619,                 1.7544,              0.0007732,              0.0007732,              0.0007732
                    235,                 1.2508,                0.65207,                 1.3705,                0.96501,                0.96189,                0.96641,                0.56279,                 1.5711,                0.61035,                 1.7666,              0.0007336,              0.0007336,              0.0007336
                    236,                 1.2553,                0.64665,                  1.378,                0.97264,                0.96708,                0.97004,                0.56063,                 1.5686,                0.61216,                  1.767,               0.000694,               0.000694,               0.000694
                    237,                 1.2334,                0.63675,                 1.3658,                 0.9698,                0.96313,                0.96867,                0.56057,                 1.5841,                0.61148,                 1.7671,              0.0006544,              0.0006544,              0.0006544
                    238,                 1.2411,                0.63555,                 1.3557,                 0.9675,                0.96038,                0.96207,                0.55954,                 1.5683,                0.61235,                 1.7613,              0.0006148,              0.0006148,              0.0006148
                    239,                  1.237,                0.64316,                 1.3564,                0.96839,                0.96306,                0.96526,                0.55739,                 1.5634,                0.61198,                 1.7547,              0.0005752,              0.0005752,              0.0005752
                    240,                 1.2101,                0.63354,                 1.3588,                 0.9626,                0.96154,                0.96262,                0.56036,                 1.5699,                0.61045,                 1.7523,              0.0005356,              0.0005356,              0.0005356
                    241,                 1.2766,                0.58624,                 1.4995,                0.96294,                0.96502,                0.96308,                0.56257,                 1.5891,                0.60347,                  1.776,               0.000496,               0.000496,               0.000496
                    242,                   1.21,                0.55794,                 1.4428,                0.96166,                 0.9622,                 0.9604,                0.54818,                 1.5685,                0.60467,                 1.7634,              0.0004564,              0.0004564,              0.0004564
                    243,                 1.1951,                0.54225,                 1.4191,                0.96784,                0.96925,                0.96175,                0.55365,                 1.5705,                0.60856,                 1.7629,              0.0004168,              0.0004168,              0.0004168
                    244,                 1.1866,                0.54067,                 1.4255,                 0.9661,                0.96736,                0.96253,                0.55852,                 1.5671,                0.61168,                 1.7566,              0.0003772,              0.0003772,              0.0003772
                    245,                 1.1774,                0.53625,                  1.415,                0.96549,                0.96379,                0.96115,                0.56014,                 1.5578,                0.60738,                 1.7501,              0.0003376,              0.0003376,              0.0003376
                    246,                 1.1684,                0.53415,                 1.4105,                0.96512,                0.96122,                0.95864,                0.56049,                   1.56,                  0.606,                  1.757,               0.000298,               0.000298,               0.000298
                    247,                  1.171,                0.53249,                 1.3988,                0.96447,                0.96268,                 0.9615,                 0.5596,                 1.5691,                0.60665,                 1.7662,              0.0002584,              0.0002584,              0.0002584
                    248,                 1.1721,                0.53121,                 1.4166,                0.96144,                0.96134,                0.96105,                0.56141,                 1.5636,                 0.6047,                 1.7599,              0.0002188,              0.0002188,              0.0002188
                    249,                 1.1667,                0.52863,                 1.4065,                0.96339,                0.95975,                0.96081,                0.55918,                 1.5643,                0.60578,                 1.7608,              0.0001792,              0.0001792,              0.0001792
                    250,                 1.1667,                  0.531,                 1.4056,                 0.9621,                 0.9573,                0.95658,                 0.5591,                 1.5706,                0.60676,                 1.7719,              0.0001396,              0.0001396,              0.0001396
